era	gun_key	display_name	ammo	base_texture	base_canvas_w	base_canvas_h	base_provenance	tint_hex	tint_dec	scale_x	scale_y	frame_out_w	frame_out_h	capsule_out_w	capsule_out_h	left_hand_x	left_hand_y	right_hand_x	right_hand_y	recoil	mag_sprite	mag_pos_x	mag_pos_y	mag_top	mag_file	source_ref	source_date	replaced_in	replaced_date	sprite_file	notes
surviv	mp220	MP220	12gauge	gun-med-01.img	16	127	RECONSTRUCTED - no 2018 capture exists	#331a00	3348992	0.5	0.45	8	57.15	7	28.8007	0.0	0			1.33						app.73fa5b5e.js	2018-09-06	v0.6.0	2018-09-07	mp220__v1.svg	icon changed in the same update
surviv	awc	AWM-S	308sub	gun-long-01.img	16	127	2018-04-15 Wayback capture	#232804	2304004	0.5	0.505	8	64.135	7	46.4601	5.6	0			2.66						app.155bc364.js	2018-11-22	v0.6.7	2018-11-29	awc__v1.svg	v0.6.7 'Community collage' batch
surviv	garand	M1 Garand	762mm	gun-long-01.img	16	127	2018-04-15 Wayback capture	#261412	2495506	0.5	0.485	8	61.595	7	44.62	3.5	0			1.66						app.155bc364.js	2018-11-22	v0.6.7	2018-11-29	garand__v1.svg	v0.6.7 'Community collage' batch
surviv	m249	M249	556mm	gun-long-01.img	16	127	2018-04-15 Wayback capture	#373735	3618613	0.5	0.525	8	66.675	7	48.3001	11.2	0			1.33	gun-m249-bot-01.img	0	-16.5	no	m249__v1__mag.svg	app.155bc364.js	2018-11-22	v0.6.7	2018-11-29	m249__v1.svg	v0.6.7 'Community collage' batch
surviv	m4a1	M4A1-S	556mm	gun-long-01.img	16	127	2018-04-15 Wayback capture	#c1ac7f	12692607	0.5	0.45	8	57.15	7	41.4	2.9	0			1.3						app.155bc364.js	2018-11-22	v0.6.7	2018-11-29	m4a1__v1.svg	v0.6.7 'Community collage' batch
surviv	usas	USAS-12	12gauge	gun-long-01.img	16	127	2018-04-15 Wayback capture	#d8d8d8	14211288	0.5	0.425	8	53.975	7	39.1	4.0	0			1.5						app.15adfe9c.js	2018-12-05	v0.6.71	2018-12-06	usas__v1.svg	still generic 6 days after v0.6.7
surviv	saiga	Saiga-12	12gauge	gun-long-01.img	16	127	2018-04-15 Wayback capture	#232323	2302755	0.5	0.435	8	55.245	7	40.02	4.2	0			1.33						app.8c9b4367.js	2019-02-11	v0.7.1	2019-02-22	saiga__v1.svg	icon changed in the same update
surviv	famas	FAMAS	556mm	gun-med-01.img	16	127	RECONSTRUCTED - no 2018 capture exists	#998869	10061929	0.5	0.53	8	67.31	7	33.9209	5.6	0	-8	0	1.33						app.86dd2275.js	2019-06-06	v0.7.8	2019-06-07	famas__v1.svg	med template is reconstructed
surviv	deagle	DEagle 50	50AE	gun-short-01.img	16	127	2018-04-15 Wayback capture	#e1b43f	14791743	0.5	0.54	8	68.58	7	25.92	0.0	0			1.0						app.7dbf9b57.js	2019-11-23	v0.8.8	2019-12-02	deagle__v1.svg	def already uses {x,y} hand schema
survev	an94	AN-94	762mm	gun-long-01.img	14	92.0001	survev v0.1.1 repo file	#2d2d2d	2960685	0.5	0.46	7	42.32	7	42.32	2.85	0			1.33						commit 6ab329ee (v0.1.1)	2025-06-06	v0.1.2	2025-07-23	an94__v1.svg	
survev	bar	BAR M1918	762mm	gun-long-01.img	14	92.0001	survev v0.1.1 repo file	#4d4c52	5065810	0.5	0.52	7	47.8401	7	47.8401	6.8	0			1.4						commit 6ab329ee (v0.1.1)	2025-06-06	v0.1.2	2025-07-23	bar__v1.svg	
survev	dp28	DP-28	762mm	gun-long-01.img	14	92.0001	survev v0.1.1 repo file	#1a1a1a	1710618	0.5	0.53	7	48.7601	7	48.7601	8.4	0			1.33	gun-dp28-top-01.img	0	-22.5	yes	dp28__v1__mag.svg	commit 6ab329ee (v0.1.1)	2025-06-06	v0.1.2	2025-07-23	dp28__v1.svg	
survev	flare_gun	Flare Gun	flare	gun-short-01.img	14	48	survev v0.1.1 repo file	#ff5400	16733184	0.5	0.4625	7	22.2	7	22.2	0	0			1						commit 6ab329ee (v0.1.1)	2025-06-06	v0.1.2	2025-07-23	flare_gun__v1.svg	
survev	m1014	M1014	12gauge	gun-long-01.img	14	92.0001	survev v0.1.1 repo file	#565038	5656632	0.5	0.44	7	40.48	7	40.48	4.8	0			1.33						commit 6ab329ee (v0.1.1)	2025-06-06	v0.1.2	2025-07-23	m1014__v1.svg	Super 90
survev	qbb97	QBB-97	556mm	gun-long-01.img	14	92.0001	survev v0.1.1 repo file	#1e1e1e	1973790	0.5	0.425	7	39.1	7	39.1	8.4	0	-8	0	1.33	gun-qbb97-bot-01.img	-1.5	-14.25	no	qbb97__v1__mag.svg	commit 6ab329ee (v0.1.1)	2025-06-06	v0.1.2	2025-07-23	qbb97__v1.svg	
survev	colt45	Peacemaker	45acp	gun-short-01.img	14	48	survev v0.1.1 repo file	#c4c4c4	12895428	0.5	0.52	7	24.96	7	24.96	0	0			1						commit 6ab329ee (v0.1.1)	2025-06-06	v0.1.31	2025-12-13	colt45__v1.svg	Peacemaker
survev	m1100	M1100	12gauge	gun-long-01.img	14	92.0001	survev v0.1.1 repo file	#2e442e	3032110	0.5	0.435	7	40.02	7	40.02	7	0			1.33						commit 6ab329ee (v0.1.1)	2025-06-06	v0.1.31	2025-12-13	m1100__v1.svg	
survev	model94	Model 94	45acp	gun-long-01.img	14	92.0001	survev v0.1.1 repo file	#a06120	10510624	0.5	0.5175	7	47.6101	7	47.6101	3.2	0			2.33						commit 6ab329ee (v0.1.1)	2025-06-06	v0.1.31	2025-12-13	model94__v1.svg	
survev	mosin	Mosin-Nagant	762mm	gun-long-01.img	14	92.0001	survev v0.1.1 repo file	#331a00	3348992	0.5	0.52	7	47.8401	7	47.8401	2.8	0			2.33						commit 6ab329ee (v0.1.1)	2025-06-06	v0.1.31	2025-12-13	mosin__v1.svg	
survev	scar	SCAR-H	762mm	gun-long-01.img	14	92.0001	survev v0.1.1 repo file	#9b7b48	10189640	0.5	0.435	7	40.02	7	40.02	2.8	0			1.33						commit 6ab329ee (v0.1.1)	2025-06-06	v0.1.31	2025-12-13	scar__v1.svg	SCAR-H
survev	scout_elite	Scout Elite	556mm	gun-long-01.img	14	92.0001	survev v0.1.1 repo file	#32363b	3290683	0.5	0.52	7	47.8401	7	47.8401	2.8	0			2.33						commit 6ab329ee (v0.1.1)	2025-06-06	v0.1.31	2025-12-13	scout_elite__v1.svg	
survev	vector	Vector	9mm	gun-med-01.img	14	62	survev v0.1.1 repo file	#897960	9009504	0.5	0.5	7	31	7	31	7	0			0.89						commit 6ab329ee (v0.1.1)	2025-06-06	v0.1.31	2025-12-13	vector__v1.svg	Vector 9mm
survev	vector45	Vector	45acp	gun-med-01.img	14	62	survev v0.1.1 repo file	#897960	9009504	0.5	0.5	7	31	7	31	7	0			0.89						commit 6ab329ee (v0.1.1)	2025-06-06	v0.1.31	2025-12-13	vector45__v1.svg	Vector .45 ACP
survev	l86	L86A2	556mm	gun-long-01.img	14	92.0001	survev v0.1.1 repo file	#dcc8a7	14469287	0.5	0.46	7	42.32	7	42.32	-3	0			1.66						commit 6ab329ee (v0.1.1)	2025-06-06	v0.2.0	2026-01-18	l86__v1.svg	L86A2
survev	sv98	SV-98	762mm	gun-long-01.img	14	92.0001	survev v0.1.1 repo file	#658947	6654279	0.5	0.4925	7	45.31	7	45.31	2.8	0			2.33						commit 6ab329ee (v0.1.1)	2025-06-06	v0.2.0	2026-01-18	sv98__v1.svg	
survev	svd	SVD-63	762mm	gun-long-01.img	14	92.0001	survev v0.1.1 repo file	#1c1c1c	1842204	0.5	0.56	7	51.5201	7	51.5201	8	0			2						commit 6ab329ee (v0.1.1)	2025-06-06	v0.2.0	2026-01-18	svd__v1.svg	SVD-63
survev	blr	BLR 81	762mm	gun-long-01.img	14	92.0001	survev v0.1.1 repo file	#472706	4663046	0.5	0.53	7	48.7601	7	48.7601	6.4	0			2.75						commit 6ab329ee (v0.1.1)	2025-06-06	v0.2.1	2026-02-02	blr__v1.svg	BLR 81
survev	mkg45	Mk45G	45acp	gun-long-01.img	14	92.0001	survev v0.1.1 repo file	#353535	3487029	0.5	0.47	7	43.24	7	43.24	4.2	0			1.66						commit 6ab329ee (v0.1.1)	2025-06-06	v0.2.1	2026-02-02	mkg45__v1.svg	Mk45G
survev	spas12	SPAS-12	12gauge	gun-long-01.img	14	92.0001	survev v0.1.1 repo file	#2d4251	2966097	0.5	0.4	7	36.8	7	36.8	4.9	0			1.33						commit 6ab329ee (v0.1.1)	2025-06-06	v0.3.0	2026-05-11	spas12__v1.svg	
